game_id,source,split,session_name,game_key,num_turns_index,num_turns_annotation_file,processed_txt_path,turn_count_difference
Ego4D / 0a6ef9dc-a2dc-452b-a907-d6fa2ed4cae0 / Game2,Ego4D,test,0a6ef9dc-a2dc-452b-a907-d6fa2ed4cae0,Game2,188,188,data/processed/lai2023/onuw_transcripts_ready/Ego4D/0a6ef9dc-a2dc-452b-a907-d6fa2ed4cae0_Game2.txt,0
Ego4D / 3ba069be-60fa-47fc-bd7b-f85bf649a5bd / Game1,Ego4D,test,3ba069be-60fa-47fc-bd7b-f85bf649a5bd,Game1,85,85,data/processed/lai2023/onuw_transcripts_ready/Ego4D/3ba069be-60fa-47fc-bd7b-f85bf649a5bd_Game1.txt,0
Ego4D / 3ba069be-60fa-47fc-bd7b-f85bf649a5bd / Game2,Ego4D,test,3ba069be-60fa-47fc-bd7b-f85bf649a5bd,Game2,48,49,data/processed/lai2023/onuw_transcripts_ready/Ego4D/3ba069be-60fa-47fc-bd7b-f85bf649a5bd_Game2.txt,1
Ego4D / 3ba069be-60fa-47fc-bd7b-f85bf649a5bd / Game3,Ego4D,test,3ba069be-60fa-47fc-bd7b-f85bf649a5bd,Game3,43,43,data/processed/lai2023/onuw_transcripts_ready/Ego4D/3ba069be-60fa-47fc-bd7b-f85bf649a5bd_Game3.txt,0
Ego4D / 62c4bc58-3776-4791-ac30-4c9ca5619503 / Game12,Ego4D,test,62c4bc58-3776-4791-ac30-4c9ca5619503,Game12,35,35,data/processed/lai2023/onuw_transcripts_ready/Ego4D/62c4bc58-3776-4791-ac30-4c9ca5619503_Game12.txt,0
Ego4D / 62c4bc58-3776-4791-ac30-4c9ca5619503 / Game9,Ego4D,test,62c4bc58-3776-4791-ac30-4c9ca5619503,Game9,47,47,data/processed/lai2023/onuw_transcripts_ready/Ego4D/62c4bc58-3776-4791-ac30-4c9ca5619503_Game9.txt,0
Ego4D / 698f6bbe-4347-4a06-bd5d-3482f5e4fbbe / Game1,Ego4D,test,698f6bbe-4347-4a06-bd5d-3482f5e4fbbe,Game1,239,256,data/processed/lai2023/onuw_transcripts_ready/Ego4D/698f6bbe-4347-4a06-bd5d-3482f5e4fbbe_Game1.txt,17
Ego4D / 698f6bbe-4347-4a06-bd5d-3482f5e4fbbe / Game3,Ego4D,test,698f6bbe-4347-4a06-bd5d-3482f5e4fbbe,Game3,120,116,data/processed/lai2023/onuw_transcripts_ready/Ego4D/698f6bbe-4347-4a06-bd5d-3482f5e4fbbe_Game3.txt,-4
Ego4D / 0c2659db-7bd4-4b37-9b08-4e247befe382 / Game4,Ego4D,train,0c2659db-7bd4-4b37-9b08-4e247befe382,Game4,284,278,data/processed/lai2023/onuw_transcripts_ready/Ego4D/0c2659db-7bd4-4b37-9b08-4e247befe382_Game4.txt,-6
Ego4D / 0c2659db-7bd4-4b37-9b08-4e247befe382 / Game5,Ego4D,train,0c2659db-7bd4-4b37-9b08-4e247befe382,Game5,165,162,data/processed/lai2023/onuw_transcripts_ready/Ego4D/0c2659db-7bd4-4b37-9b08-4e247befe382_Game5.txt,-3
Ego4D / 0c2659db-7bd4-4b37-9b08-4e247befe382 / Game6,Ego4D,train,0c2659db-7bd4-4b37-9b08-4e247befe382,Game6,187,184,data/processed/lai2023/onuw_transcripts_ready/Ego4D/0c2659db-7bd4-4b37-9b08-4e247befe382_Game6.txt,-3
Ego4D / 0c2659db-7bd4-4b37-9b08-4e247befe382 / Game7,Ego4D,train,0c2659db-7bd4-4b37-9b08-4e247befe382,Game7,185,184,data/processed/lai2023/onuw_transcripts_ready/Ego4D/0c2659db-7bd4-4b37-9b08-4e247befe382_Game7.txt,-1
Ego4D / 0c2659db-7bd4-4b37-9b08-4e247befe382 / Game8,Ego4D,train,0c2659db-7bd4-4b37-9b08-4e247befe382,Game8,144,138,data/processed/lai2023/onuw_transcripts_ready/Ego4D/0c2659db-7bd4-4b37-9b08-4e247befe382_Game8.txt,-6
Ego4D / 0c2659db-7bd4-4b37-9b08-4e247befe382 / Game9,Ego4D,train,0c2659db-7bd4-4b37-9b08-4e247befe382,Game9,198,194,data/processed/lai2023/onuw_transcripts_ready/Ego4D/0c2659db-7bd4-4b37-9b08-4e247befe382_Game9.txt,-4
Ego4D / 1a0d3e22-a6d6-4723-91a0-52fc2c87d5ce / Game10,Ego4D,train,1a0d3e22-a6d6-4723-91a0-52fc2c87d5ce,Game10,203,197,data/processed/lai2023/onuw_transcripts_ready/Ego4D/1a0d3e22-a6d6-4723-91a0-52fc2c87d5ce_Game10.txt,-6
Ego4D / 1a0d3e22-a6d6-4723-91a0-52fc2c87d5ce / Game11,Ego4D,train,1a0d3e22-a6d6-4723-91a0-52fc2c87d5ce,Game11,155,152,data/processed/lai2023/onuw_transcripts_ready/Ego4D/1a0d3e22-a6d6-4723-91a0-52fc2c87d5ce_Game11.txt,-3
Ego4D / 1a0d3e22-a6d6-4723-91a0-52fc2c87d5ce / Game6,Ego4D,train,1a0d3e22-a6d6-4723-91a0-52fc2c87d5ce,Game6,199,194,data/processed/lai2023/onuw_transcripts_ready/Ego4D/1a0d3e22-a6d6-4723-91a0-52fc2c87d5ce_Game6.txt,-5
Ego4D / 1a0d3e22-a6d6-4723-91a0-52fc2c87d5ce / Game7,Ego4D,train,1a0d3e22-a6d6-4723-91a0-52fc2c87d5ce,Game7,49,42,data/processed/lai2023/onuw_transcripts_ready/Ego4D/1a0d3e22-a6d6-4723-91a0-52fc2c87d5ce_Game7.txt,-7
Ego4D / 1a0d3e22-a6d6-4723-91a0-52fc2c87d5ce / Game8,Ego4D,train,1a0d3e22-a6d6-4723-91a0-52fc2c87d5ce,Game8,85,77,data/processed/lai2023/onuw_transcripts_ready/Ego4D/1a0d3e22-a6d6-4723-91a0-52fc2c87d5ce_Game8.txt,-8
Ego4D / 1a0d3e22-a6d6-4723-91a0-52fc2c87d5ce / Game9,Ego4D,train,1a0d3e22-a6d6-4723-91a0-52fc2c87d5ce,Game9,132,132,data/processed/lai2023/onuw_transcripts_ready/Ego4D/1a0d3e22-a6d6-4723-91a0-52fc2c87d5ce_Game9.txt,0
Ego4D / 2ba4023c-a8bf-43ad-ad5a-80ba222ce990 / Game10,Ego4D,train,2ba4023c-a8bf-43ad-ad5a-80ba222ce990,Game10,131,130,data/processed/lai2023/onuw_transcripts_ready/Ego4D/2ba4023c-a8bf-43ad-ad5a-80ba222ce990_Game10.txt,-1
Ego4D / 2ba4023c-a8bf-43ad-ad5a-80ba222ce990 / Game6,Ego4D,train,2ba4023c-a8bf-43ad-ad5a-80ba222ce990,Game6,144,143,data/processed/lai2023/onuw_transcripts_ready/Ego4D/2ba4023c-a8bf-43ad-ad5a-80ba222ce990_Game6.txt,-1
Ego4D / 2ba4023c-a8bf-43ad-ad5a-80ba222ce990 / Game7,Ego4D,train,2ba4023c-a8bf-43ad-ad5a-80ba222ce990,Game7,128,128,data/processed/lai2023/onuw_transcripts_ready/Ego4D/2ba4023c-a8bf-43ad-ad5a-80ba222ce990_Game7.txt,0
Ego4D / 2ba4023c-a8bf-43ad-ad5a-80ba222ce990 / Game9,Ego4D,train,2ba4023c-a8bf-43ad-ad5a-80ba222ce990,Game9,138,138,data/processed/lai2023/onuw_transcripts_ready/Ego4D/2ba4023c-a8bf-43ad-ad5a-80ba222ce990_Game9.txt,0
Ego4D / 324bccd2-adff-4e9a-8ff4-03491e144ac3 / Game1,Ego4D,train,324bccd2-adff-4e9a-8ff4-03491e144ac3,Game1,235,223,data/processed/lai2023/onuw_transcripts_ready/Ego4D/324bccd2-adff-4e9a-8ff4-03491e144ac3_Game1.txt,-12
Ego4D / 324bccd2-adff-4e9a-8ff4-03491e144ac3 / Game2,Ego4D,train,324bccd2-adff-4e9a-8ff4-03491e144ac3,Game2,85,81,data/processed/lai2023/onuw_transcripts_ready/Ego4D/324bccd2-adff-4e9a-8ff4-03491e144ac3_Game2.txt,-4
Ego4D / 324bccd2-adff-4e9a-8ff4-03491e144ac3 / Game3,Ego4D,train,324bccd2-adff-4e9a-8ff4-03491e144ac3,Game3,130,126,data/processed/lai2023/onuw_transcripts_ready/Ego4D/324bccd2-adff-4e9a-8ff4-03491e144ac3_Game3.txt,-4
Ego4D / 324bccd2-adff-4e9a-8ff4-03491e144ac3 / Game4,Ego4D,train,324bccd2-adff-4e9a-8ff4-03491e144ac3,Game4,207,205,data/processed/lai2023/onuw_transcripts_ready/Ego4D/324bccd2-adff-4e9a-8ff4-03491e144ac3_Game4.txt,-2
Ego4D / 3ba069be-60fa-47fc-bd7b-f85bf649a5bd / Game4,Ego4D,train,3ba069be-60fa-47fc-bd7b-f85bf649a5bd,Game4,63,63,data/processed/lai2023/onuw_transcripts_ready/Ego4D/3ba069be-60fa-47fc-bd7b-f85bf649a5bd_Game4.txt,0
Ego4D / 3ba069be-60fa-47fc-bd7b-f85bf649a5bd / Game5,Ego4D,train,3ba069be-60fa-47fc-bd7b-f85bf649a5bd,Game5,66,66,data/processed/lai2023/onuw_transcripts_ready/Ego4D/3ba069be-60fa-47fc-bd7b-f85bf649a5bd_Game5.txt,0
Ego4D / 3ba069be-60fa-47fc-bd7b-f85bf649a5bd / Game6,Ego4D,train,3ba069be-60fa-47fc-bd7b-f85bf649a5bd,Game6,47,47,data/processed/lai2023/onuw_transcripts_ready/Ego4D/3ba069be-60fa-47fc-bd7b-f85bf649a5bd_Game6.txt,0
Ego4D / 62c4bc58-3776-4791-ac30-4c9ca5619503 / Game10,Ego4D,train,62c4bc58-3776-4791-ac30-4c9ca5619503,Game10,20,20,data/processed/lai2023/onuw_transcripts_ready/Ego4D/62c4bc58-3776-4791-ac30-4c9ca5619503_Game10.txt,0
Ego4D / 62c4bc58-3776-4791-ac30-4c9ca5619503 / Game11,Ego4D,train,62c4bc58-3776-4791-ac30-4c9ca5619503,Game11,66,66,data/processed/lai2023/onuw_transcripts_ready/Ego4D/62c4bc58-3776-4791-ac30-4c9ca5619503_Game11.txt,0
Ego4D / 62c4bc58-3776-4791-ac30-4c9ca5619503 / Game7,Ego4D,train,62c4bc58-3776-4791-ac30-4c9ca5619503,Game7,75,75,data/processed/lai2023/onuw_transcripts_ready/Ego4D/62c4bc58-3776-4791-ac30-4c9ca5619503_Game7.txt,0
Ego4D / 62c4bc58-3776-4791-ac30-4c9ca5619503 / Game8,Ego4D,train,62c4bc58-3776-4791-ac30-4c9ca5619503,Game8,49,49,data/processed/lai2023/onuw_transcripts_ready/Ego4D/62c4bc58-3776-4791-ac30-4c9ca5619503_Game8.txt,0
Ego4D / 698f6bbe-4347-4a06-bd5d-3482f5e4fbbe / Game2,Ego4D,train,698f6bbe-4347-4a06-bd5d-3482f5e4fbbe,Game2,260,252,data/processed/lai2023/onuw_transcripts_ready/Ego4D/698f6bbe-4347-4a06-bd5d-3482f5e4fbbe_Game2.txt,-8
Ego4D / 0a6ef9dc-a2dc-452b-a907-d6fa2ed4cae0 / Game1,Ego4D,val,0a6ef9dc-a2dc-452b-a907-d6fa2ed4cae0,Game1,153,153,data/processed/lai2023/onuw_transcripts_ready/Ego4D/0a6ef9dc-a2dc-452b-a907-d6fa2ed4cae0_Game1.txt,0
Ego4D / 2ba4023c-a8bf-43ad-ad5a-80ba222ce990 / Game8,Ego4D,val,2ba4023c-a8bf-43ad-ad5a-80ba222ce990,Game8,126,124,data/processed/lai2023/onuw_transcripts_ready/Ego4D/2ba4023c-a8bf-43ad-ad5a-80ba222ce990_Game8.txt,-2
Ego4D / 324bccd2-adff-4e9a-8ff4-03491e144ac3 / Game5,Ego4D,val,324bccd2-adff-4e9a-8ff4-03491e144ac3,Game5,173,188,data/processed/lai2023/onuw_transcripts_ready/Ego4D/324bccd2-adff-4e9a-8ff4-03491e144ac3_Game5.txt,15
Ego4D / 64076f60-f3fc-4ee6-93e1-3489d8ec7b12 / Game3,Ego4D,val,64076f60-f3fc-4ee6-93e1-3489d8ec7b12,Game3,219,219,data/processed/lai2023/onuw_transcripts_ready/Ego4D/64076f60-f3fc-4ee6-93e1-3489d8ec7b12_Game3.txt,0
Youtube / ONE#NIGHT#ULTIMATE#WEREWOLF##Retro#1 / Game1,Youtube,test,ONE#NIGHT#ULTIMATE#WEREWOLF##Retro#1,Game1,61,57,data/processed/lai2023/onuw_transcripts_ready/Youtube/ONE#NIGHT#ULTIMATE#WEREWOLF##Retro#1_Game1.txt,-4
Youtube / ONE#NIGHT#ULTIMATE#WEREWOLF##Retro#3 / Game6,Youtube,test,ONE#NIGHT#ULTIMATE#WEREWOLF##Retro#3,Game6,128,117,data/processed/lai2023/onuw_transcripts_ready/Youtube/ONE#NIGHT#ULTIMATE#WEREWOLF##Retro#3_Game6.txt,-11
Youtube / ONE#NIGHT#ULTIMATE#WEREWOLF##Retro#3 / Game7,Youtube,test,ONE#NIGHT#ULTIMATE#WEREWOLF##Retro#3,Game7,74,73,data/processed/lai2023/onuw_transcripts_ready/Youtube/ONE#NIGHT#ULTIMATE#WEREWOLF##Retro#3_Game7.txt,-1
Youtube / ONE#NIGHT#ULTIMATE#WEREWOLF##Retro#4 / Game6,Youtube,test,ONE#NIGHT#ULTIMATE#WEREWOLF##Retro#4,Game6,78,74,data/processed/lai2023/onuw_transcripts_ready/Youtube/ONE#NIGHT#ULTIMATE#WEREWOLF##Retro#4_Game6.txt,-4
Youtube / ONE#NIGHT#ULTIMATE#WEREWOLF#-#Drinking#Play#Through / Game1,Youtube,test,ONE#NIGHT#ULTIMATE#WEREWOLF#-#Drinking#Play#Through,Game1,166,158,data/processed/lai2023/onuw_transcripts_ready/Youtube/ONE#NIGHT#ULTIMATE#WEREWOLF#-#Drinking#Play#Through_Game1.txt,-8
Youtube / ONE#NIGHT#ULTIMATE#WEREWOLF#-#Drinking#Play#Through / Game2,Youtube,test,ONE#NIGHT#ULTIMATE#WEREWOLF#-#Drinking#Play#Through,Game2,121,114,data/processed/lai2023/onuw_transcripts_ready/Youtube/ONE#NIGHT#ULTIMATE#WEREWOLF#-#Drinking#Play#Through_Game2.txt,-7
Youtube / ONE#NIGHT#ULTIMATE#WEREWOLF#1##July#5th#2016 / Game2,Youtube,test,ONE#NIGHT#ULTIMATE#WEREWOLF#1##July#5th#2016,Game2,143,138,data/processed/lai2023/onuw_transcripts_ready/Youtube/ONE#NIGHT#ULTIMATE#WEREWOLF#1##July#5th#2016_Game2.txt,-5
Youtube / ONE#NIGHT#ULTIMATE#WEREWOLF#18##September#30th#2017 / Game1,Youtube,test,ONE#NIGHT#ULTIMATE#WEREWOLF#18##September#30th#2017,Game1,93,87,data/processed/lai2023/onuw_transcripts_ready/Youtube/ONE#NIGHT#ULTIMATE#WEREWOLF#18##September#30th#2017_Game1.txt,-6
Youtube / ONE#NIGHT#ULTIMATE#WEREWOLF#28##February#17th#2018 / Game2,Youtube,test,ONE#NIGHT#ULTIMATE#WEREWOLF#28##February#17th#2018,Game2,183,174,data/processed/lai2023/onuw_transcripts_ready/Youtube/ONE#NIGHT#ULTIMATE#WEREWOLF#28##February#17th#2018_Game2.txt,-9
Youtube / ONE#NIGHT#ULTIMATE#WEREWOLF#43##October#13th#2018 / Game3,Youtube,test,ONE#NIGHT#ULTIMATE#WEREWOLF#43##October#13th#2018,Game3,129,126,data/processed/lai2023/onuw_transcripts_ready/Youtube/ONE#NIGHT#ULTIMATE#WEREWOLF#43##October#13th#2018_Game3.txt,-3
Youtube / ONE#NIGHT#ULTIMATE#WEREWOLF#44##October#13th#2018 / Game2,Youtube,test,ONE#NIGHT#ULTIMATE#WEREWOLF#44##October#13th#2018,Game2,109,104,data/processed/lai2023/onuw_transcripts_ready/Youtube/ONE#NIGHT#ULTIMATE#WEREWOLF#44##October#13th#2018_Game2.txt,-5
Youtube / ONE#NIGHT#ULTIMATE#WEREWOLF#44##October#13th#2018 / Game3,Youtube,test,ONE#NIGHT#ULTIMATE#WEREWOLF#44##October#13th#2018,Game3,111,100,data/processed/lai2023/onuw_transcripts_ready/Youtube/ONE#NIGHT#ULTIMATE#WEREWOLF#44##October#13th#2018_Game3.txt,-11
Youtube / ONE#NIGHT#ULTIMATE#WEREWOLF#45##October#13th#2018 / Game4,Youtube,test,ONE#NIGHT#ULTIMATE#WEREWOLF#45##October#13th#2018,Game4,140,136,data/processed/lai2023/onuw_transcripts_ready/Youtube/ONE#NIGHT#ULTIMATE#WEREWOLF#45##October#13th#2018_Game4.txt,-4
Youtube / ONE#NIGHT#ULTIMATE#WEREWOLF#45##October#13th#2018 / Game6,Youtube,test,ONE#NIGHT#ULTIMATE#WEREWOLF#45##October#13th#2018,Game6,118,111,data/processed/lai2023/onuw_transcripts_ready/Youtube/ONE#NIGHT#ULTIMATE#WEREWOLF#45##October#13th#2018_Game6.txt,-7
Youtube / ONE#NIGHT#ULTIMATE#WEREWOLF#55##January#26th#2019 / Game3,Youtube,test,ONE#NIGHT#ULTIMATE#WEREWOLF#55##January#26th#2019,Game3,140,135,data/processed/lai2023/onuw_transcripts_ready/Youtube/ONE#NIGHT#ULTIMATE#WEREWOLF#55##January#26th#2019_Game3.txt,-5
Youtube / ONE#NIGHT#ULTIMATE#WEREWOLF#7##November#6th#2016 / Game1,Youtube,test,ONE#NIGHT#ULTIMATE#WEREWOLF#7##November#6th#2016,Game1,100,98,data/processed/lai2023/onuw_transcripts_ready/Youtube/ONE#NIGHT#ULTIMATE#WEREWOLF#7##November#6th#2016_Game1.txt,-2
Youtube / ONE#NIGHT#ULTIMATE#WEREWOLF#83##October#15th#2019 / Game2,Youtube,test,ONE#NIGHT#ULTIMATE#WEREWOLF#83##October#15th#2019,Game2,147,129,data/processed/lai2023/onuw_transcripts_ready/Youtube/ONE#NIGHT#ULTIMATE#WEREWOLF#83##October#15th#2019_Game2.txt,-18
Youtube / ONE#NIGHT#ULTIMATE#WEREWOLF#87##November#9th#2019 / Game1,Youtube,test,ONE#NIGHT#ULTIMATE#WEREWOLF#87##November#9th#2019,Game1,158,136,data/processed/lai2023/onuw_transcripts_ready/Youtube/ONE#NIGHT#ULTIMATE#WEREWOLF#87##November#9th#2019_Game1.txt,-22
Youtube / ONE#NIGHT#ULTIMATE#WEREWOLF#89##November#30th#2019 / Game3,Youtube,test,ONE#NIGHT#ULTIMATE#WEREWOLF#89##November#30th#2019,Game3,85,82,data/processed/lai2023/onuw_transcripts_ready/Youtube/ONE#NIGHT#ULTIMATE#WEREWOLF#89##November#30th#2019_Game3.txt,-3
Youtube / ONE#NIGHT#ULTIMATE#WEREWOLF#9##November#6th#2016 / Game2,Youtube,test,ONE#NIGHT#ULTIMATE#WEREWOLF#9##November#6th#2016,Game2,99,97,data/processed/lai2023/onuw_transcripts_ready/Youtube/ONE#NIGHT#ULTIMATE#WEREWOLF#9##November#6th#2016_Game2.txt,-2
Youtube / One#Night#Ultimate#Werewolf#493#Even#More#Classic#Werewolf / Game1,Youtube,test,One#Night#Ultimate#Werewolf#493#Even#More#Classic#Werewolf,Game1,183,177,data/processed/lai2023/onuw_transcripts_ready/Youtube/One#Night#Ultimate#Werewolf#493#Even#More#Classic#Werewolf_Game1.txt,-6
Youtube / One#Night#Ultimate#Werewolf#GAME#NIGHT!! / Game2,Youtube,test,One#Night#Ultimate#Werewolf#GAME#NIGHT!!,Game2,80,74,data/processed/lai2023/onuw_transcripts_ready/Youtube/One#Night#Ultimate#Werewolf#GAME#NIGHT!!_Game2.txt,-6
Youtube / Retrovision##ONE#NIGHT#ULTIMATE#WEREWOLF##Retro#7 / Game2,Youtube,test,Retrovision##ONE#NIGHT#ULTIMATE#WEREWOLF##Retro#7,Game2,112,109,data/processed/lai2023/onuw_transcripts_ready/Youtube/Retrovision##ONE#NIGHT#ULTIMATE#WEREWOLF##Retro#7_Game2.txt,-3
Youtube / Retrovision##ONE#NIGHT#ULTIMATE#WEREWOLF##Retro#7 / Game3,Youtube,test,Retrovision##ONE#NIGHT#ULTIMATE#WEREWOLF##Retro#7,Game3,135,128,data/processed/lai2023/onuw_transcripts_ready/Youtube/Retrovision##ONE#NIGHT#ULTIMATE#WEREWOLF##Retro#7_Game3.txt,-7
Youtube / Retrovision##ONE#NIGHT#ULTIMATE#WEREWOLF##Retro#7 / Game4,Youtube,test,Retrovision##ONE#NIGHT#ULTIMATE#WEREWOLF##Retro#7,Game4,191,186,data/processed/lai2023/onuw_transcripts_ready/Youtube/Retrovision##ONE#NIGHT#ULTIMATE#WEREWOLF##Retro#7_Game4.txt,-5
Youtube / The#Return#of#the#King##ONE#NIGHT#ULTIMATE#WEREWOLF / Game6,Youtube,test,The#Return#of#the#King##ONE#NIGHT#ULTIMATE#WEREWOLF,Game6,132,131,data/processed/lai2023/onuw_transcripts_ready/Youtube/The#Return#of#the#King##ONE#NIGHT#ULTIMATE#WEREWOLF_Game6.txt,-1
Youtube / Visions#from#2016##ONE#NIGHT#ULTIMATE#WEREWOLF##Retro#11 / Game1,Youtube,test,Visions#from#2016##ONE#NIGHT#ULTIMATE#WEREWOLF##Retro#11,Game1,162,147,data/processed/lai2023/onuw_transcripts_ready/Youtube/Visions#from#2016##ONE#NIGHT#ULTIMATE#WEREWOLF##Retro#11_Game1.txt,-15
Youtube / Visions#from#2016##ONE#NIGHT#ULTIMATE#WEREWOLF##Retro#11 / Game3,Youtube,test,Visions#from#2016##ONE#NIGHT#ULTIMATE#WEREWOLF##Retro#11,Game3,126,121,data/processed/lai2023/onuw_transcripts_ready/Youtube/Visions#from#2016##ONE#NIGHT#ULTIMATE#WEREWOLF##Retro#11_Game3.txt,-5
Youtube / Ye#Olde#Times##ONE#NIGHT#ULTIMATE#WEREWOLF##Retro#8 / Game3,Youtube,test,Ye#Olde#Times##ONE#NIGHT#ULTIMATE#WEREWOLF##Retro#8,Game3,133,125,data/processed/lai2023/onuw_transcripts_ready/Youtube/Ye#Olde#Times##ONE#NIGHT#ULTIMATE#WEREWOLF##Retro#8_Game3.txt,-8
Youtube / Ye#Olde#Times##ONE#NIGHT#ULTIMATE#WEREWOLF##Retro#8 / Game4,Youtube,test,Ye#Olde#Times##ONE#NIGHT#ULTIMATE#WEREWOLF##Retro#8,Game4,172,158,data/processed/lai2023/onuw_transcripts_ready/Youtube/Ye#Olde#Times##ONE#NIGHT#ULTIMATE#WEREWOLF##Retro#8_Game4.txt,-14
Youtube / Flashback##ONE#NIGHT#ULTIMATE#WEREWOLF##Retro#9 / Game1,Youtube,train,Flashback##ONE#NIGHT#ULTIMATE#WEREWOLF##Retro#9,Game1,112,107,data/processed/lai2023/onuw_transcripts_ready/Youtube/Flashback##ONE#NIGHT#ULTIMATE#WEREWOLF##Retro#9_Game1.txt,-5
Youtube / Flashback##ONE#NIGHT#ULTIMATE#WEREWOLF##Retro#9 / Game2,Youtube,train,Flashback##ONE#NIGHT#ULTIMATE#WEREWOLF##Retro#9,Game2,157,147,data/processed/lai2023/onuw_transcripts_ready/Youtube/Flashback##ONE#NIGHT#ULTIMATE#WEREWOLF##Retro#9_Game2.txt,-10
Youtube / Flashback##ONE#NIGHT#ULTIMATE#WEREWOLF##Retro#9 / Game3,Youtube,train,Flashback##ONE#NIGHT#ULTIMATE#WEREWOLF##Retro#9,Game3,79,70,data/processed/lai2023/onuw_transcripts_ready/Youtube/Flashback##ONE#NIGHT#ULTIMATE#WEREWOLF##Retro#9_Game3.txt,-9
Youtube / Flashback##ONE#NIGHT#ULTIMATE#WEREWOLF##Retro#9 / Game4,Youtube,train,Flashback##ONE#NIGHT#ULTIMATE#WEREWOLF##Retro#9,Game4,148,139,data/processed/lai2023/onuw_transcripts_ready/Youtube/Flashback##ONE#NIGHT#ULTIMATE#WEREWOLF##Retro#9_Game4.txt,-9
Youtube / Flashback##ONE#NIGHT#ULTIMATE#WEREWOLF##Retro#9 / Game5,Youtube,train,Flashback##ONE#NIGHT#ULTIMATE#WEREWOLF##Retro#9,Game5,85,80,data/processed/lai2023/onuw_transcripts_ready/Youtube/Flashback##ONE#NIGHT#ULTIMATE#WEREWOLF##Retro#9_Game5.txt,-5
Youtube / ONE#NIGHT#ULTIMATE#WEREWOLF##Retro#1 / Game10,Youtube,train,ONE#NIGHT#ULTIMATE#WEREWOLF##Retro#1,Game10,403,384,data/processed/lai2023/onuw_transcripts_ready/Youtube/ONE#NIGHT#ULTIMATE#WEREWOLF##Retro#1_Game10.txt,-19
Youtube / ONE#NIGHT#ULTIMATE#WEREWOLF##Retro#1 / Game2,Youtube,train,ONE#NIGHT#ULTIMATE#WEREWOLF##Retro#1,Game2,92,86,data/processed/lai2023/onuw_transcripts_ready/Youtube/ONE#NIGHT#ULTIMATE#WEREWOLF##Retro#1_Game2.txt,-6
Youtube / ONE#NIGHT#ULTIMATE#WEREWOLF##Retro#1 / Game4,Youtube,train,ONE#NIGHT#ULTIMATE#WEREWOLF##Retro#1,Game4,137,130,data/processed/lai2023/onuw_transcripts_ready/Youtube/ONE#NIGHT#ULTIMATE#WEREWOLF##Retro#1_Game4.txt,-7
Youtube / ONE#NIGHT#ULTIMATE#WEREWOLF##Retro#1 / Game5,Youtube,train,ONE#NIGHT#ULTIMATE#WEREWOLF##Retro#1,Game5,130,118,data/processed/lai2023/onuw_transcripts_ready/Youtube/ONE#NIGHT#ULTIMATE#WEREWOLF##Retro#1_Game5.txt,-12
Youtube / ONE#NIGHT#ULTIMATE#WEREWOLF##Retro#1 / Game7,Youtube,train,ONE#NIGHT#ULTIMATE#WEREWOLF##Retro#1,Game7,100,94,data/processed/lai2023/onuw_transcripts_ready/Youtube/ONE#NIGHT#ULTIMATE#WEREWOLF##Retro#1_Game7.txt,-6
Youtube / ONE#NIGHT#ULTIMATE#WEREWOLF##Retro#1 / Game8,Youtube,train,ONE#NIGHT#ULTIMATE#WEREWOLF##Retro#1,Game8,109,104,data/processed/lai2023/onuw_transcripts_ready/Youtube/ONE#NIGHT#ULTIMATE#WEREWOLF##Retro#1_Game8.txt,-5
Youtube / ONE#NIGHT#ULTIMATE#WEREWOLF##Retro#1 / Game9,Youtube,train,ONE#NIGHT#ULTIMATE#WEREWOLF##Retro#1,Game9,119,105,data/processed/lai2023/onuw_transcripts_ready/Youtube/ONE#NIGHT#ULTIMATE#WEREWOLF##Retro#1_Game9.txt,-14
Youtube / ONE#NIGHT#ULTIMATE#WEREWOLF##Retro#2 / Game1,Youtube,train,ONE#NIGHT#ULTIMATE#WEREWOLF##Retro#2,Game1,109,103,data/processed/lai2023/onuw_transcripts_ready/Youtube/ONE#NIGHT#ULTIMATE#WEREWOLF##Retro#2_Game1.txt,-6
Youtube / ONE#NIGHT#ULTIMATE#WEREWOLF##Retro#2 / Game3,Youtube,train,ONE#NIGHT#ULTIMATE#WEREWOLF##Retro#2,Game3,66,59,data/processed/lai2023/onuw_transcripts_ready/Youtube/ONE#NIGHT#ULTIMATE#WEREWOLF##Retro#2_Game3.txt,-7
Youtube / ONE#NIGHT#ULTIMATE#WEREWOLF##Retro#2 / Game4,Youtube,train,ONE#NIGHT#ULTIMATE#WEREWOLF##Retro#2,Game4,97,92,data/processed/lai2023/onuw_transcripts_ready/Youtube/ONE#NIGHT#ULTIMATE#WEREWOLF##Retro#2_Game4.txt,-5
Youtube / ONE#NIGHT#ULTIMATE#WEREWOLF##Retro#2 / Game5,Youtube,train,ONE#NIGHT#ULTIMATE#WEREWOLF##Retro#2,Game5,122,111,data/processed/lai2023/onuw_transcripts_ready/Youtube/ONE#NIGHT#ULTIMATE#WEREWOLF##Retro#2_Game5.txt,-11
Youtube / ONE#NIGHT#ULTIMATE#WEREWOLF##Retro#2 / Game6,Youtube,train,ONE#NIGHT#ULTIMATE#WEREWOLF##Retro#2,Game6,159,150,data/processed/lai2023/onuw_transcripts_ready/Youtube/ONE#NIGHT#ULTIMATE#WEREWOLF##Retro#2_Game6.txt,-9
Youtube / ONE#NIGHT#ULTIMATE#WEREWOLF##Retro#2 / Game7,Youtube,train,ONE#NIGHT#ULTIMATE#WEREWOLF##Retro#2,Game7,117,107,data/processed/lai2023/onuw_transcripts_ready/Youtube/ONE#NIGHT#ULTIMATE#WEREWOLF##Retro#2_Game7.txt,-10
Youtube / ONE#NIGHT#ULTIMATE#WEREWOLF##Retro#3 / Game2,Youtube,train,ONE#NIGHT#ULTIMATE#WEREWOLF##Retro#3,Game2,105,95,data/processed/lai2023/onuw_transcripts_ready/Youtube/ONE#NIGHT#ULTIMATE#WEREWOLF##Retro#3_Game2.txt,-10
Youtube / ONE#NIGHT#ULTIMATE#WEREWOLF##Retro#3 / Game3,Youtube,train,ONE#NIGHT#ULTIMATE#WEREWOLF##Retro#3,Game3,51,35,data/processed/lai2023/onuw_transcripts_ready/Youtube/ONE#NIGHT#ULTIMATE#WEREWOLF##Retro#3_Game3.txt,-16
Youtube / ONE#NIGHT#ULTIMATE#WEREWOLF##Retro#3 / Game4,Youtube,train,ONE#NIGHT#ULTIMATE#WEREWOLF##Retro#3,Game4,126,114,data/processed/lai2023/onuw_transcripts_ready/Youtube/ONE#NIGHT#ULTIMATE#WEREWOLF##Retro#3_Game4.txt,-12
Youtube / ONE#NIGHT#ULTIMATE#WEREWOLF##Retro#3 / Game5,Youtube,train,ONE#NIGHT#ULTIMATE#WEREWOLF##Retro#3,Game5,141,131,data/processed/lai2023/onuw_transcripts_ready/Youtube/ONE#NIGHT#ULTIMATE#WEREWOLF##Retro#3_Game5.txt,-10
Youtube / ONE#NIGHT#ULTIMATE#WEREWOLF##Retro#3 / Game8,Youtube,train,ONE#NIGHT#ULTIMATE#WEREWOLF##Retro#3,Game8,67,60,data/processed/lai2023/onuw_transcripts_ready/Youtube/ONE#NIGHT#ULTIMATE#WEREWOLF##Retro#3_Game8.txt,-7
Youtube / ONE#NIGHT#ULTIMATE#WEREWOLF##Retro#4 / Game10,Youtube,train,ONE#NIGHT#ULTIMATE#WEREWOLF##Retro#4,Game10,133,123,data/processed/lai2023/onuw_transcripts_ready/Youtube/ONE#NIGHT#ULTIMATE#WEREWOLF##Retro#4_Game10.txt,-10
Youtube / ONE#NIGHT#ULTIMATE#WEREWOLF##Retro#4 / Game11,Youtube,train,ONE#NIGHT#ULTIMATE#WEREWOLF##Retro#4,Game11,104,97,data/processed/lai2023/onuw_transcripts_ready/Youtube/ONE#NIGHT#ULTIMATE#WEREWOLF##Retro#4_Game11.txt,-7
Youtube / ONE#NIGHT#ULTIMATE#WEREWOLF##Retro#4 / Game3,Youtube,train,ONE#NIGHT#ULTIMATE#WEREWOLF##Retro#4,Game3,22,18,data/processed/lai2023/onuw_transcripts_ready/Youtube/ONE#NIGHT#ULTIMATE#WEREWOLF##Retro#4_Game3.txt,-4
Youtube / ONE#NIGHT#ULTIMATE#WEREWOLF##Retro#4 / Game4,Youtube,train,ONE#NIGHT#ULTIMATE#WEREWOLF##Retro#4,Game4,115,103,data/processed/lai2023/onuw_transcripts_ready/Youtube/ONE#NIGHT#ULTIMATE#WEREWOLF##Retro#4_Game4.txt,-12
Youtube / ONE#NIGHT#ULTIMATE#WEREWOLF##Retro#4 / Game5,Youtube,train,ONE#NIGHT#ULTIMATE#WEREWOLF##Retro#4,Game5,44,35,data/processed/lai2023/onuw_transcripts_ready/Youtube/ONE#NIGHT#ULTIMATE#WEREWOLF##Retro#4_Game5.txt,-9
Youtube / ONE#NIGHT#ULTIMATE#WEREWOLF##Retro#4 / Game7,Youtube,train,ONE#NIGHT#ULTIMATE#WEREWOLF##Retro#4,Game7,65,52,data/processed/lai2023/onuw_transcripts_ready/Youtube/ONE#NIGHT#ULTIMATE#WEREWOLF##Retro#4_Game7.txt,-13
Youtube / ONE#NIGHT#ULTIMATE#WEREWOLF##Retro#4 / Game9,Youtube,train,ONE#NIGHT#ULTIMATE#WEREWOLF##Retro#4,Game9,138,121,data/processed/lai2023/onuw_transcripts_ready/Youtube/ONE#NIGHT#ULTIMATE#WEREWOLF##Retro#4_Game9.txt,-17
Youtube / ONE#NIGHT#ULTIMATE#WEREWOLF##Retro#5 / Game1,Youtube,train,ONE#NIGHT#ULTIMATE#WEREWOLF##Retro#5,Game1,70,61,data/processed/lai2023/onuw_transcripts_ready/Youtube/ONE#NIGHT#ULTIMATE#WEREWOLF##Retro#5_Game1.txt,-9
Youtube / ONE#NIGHT#ULTIMATE#WEREWOLF##Retro#5 / Game3,Youtube,train,ONE#NIGHT#ULTIMATE#WEREWOLF##Retro#5,Game3,111,99,data/processed/lai2023/onuw_transcripts_ready/Youtube/ONE#NIGHT#ULTIMATE#WEREWOLF##Retro#5_Game3.txt,-12
Youtube / ONE#NIGHT#ULTIMATE#WEREWOLF##Retro#5 / Game4,Youtube,train,ONE#NIGHT#ULTIMATE#WEREWOLF##Retro#5,Game4,92,84,data/processed/lai2023/onuw_transcripts_ready/Youtube/ONE#NIGHT#ULTIMATE#WEREWOLF##Retro#5_Game4.txt,-8
Youtube / ONE#NIGHT#ULTIMATE#WEREWOLF##Retro#5 / Game5,Youtube,train,ONE#NIGHT#ULTIMATE#WEREWOLF##Retro#5,Game5,90,85,data/processed/lai2023/onuw_transcripts_ready/Youtube/ONE#NIGHT#ULTIMATE#WEREWOLF##Retro#5_Game5.txt,-5
Youtube / ONE#NIGHT#ULTIMATE#WEREWOLF##Retro#5 / Game6,Youtube,train,ONE#NIGHT#ULTIMATE#WEREWOLF##Retro#5,Game6,44,37,data/processed/lai2023/onuw_transcripts_ready/Youtube/ONE#NIGHT#ULTIMATE#WEREWOLF##Retro#5_Game6.txt,-7
Youtube / ONE#NIGHT#ULTIMATE#WEREWOLF##Retro#5 / Game7,Youtube,train,ONE#NIGHT#ULTIMATE#WEREWOLF##Retro#5,Game7,61,55,data/processed/lai2023/onuw_transcripts_ready/Youtube/ONE#NIGHT#ULTIMATE#WEREWOLF##Retro#5_Game7.txt,-6
Youtube / ONE#NIGHT#ULTIMATE#WEREWOLF##Retro#5 / Game8,Youtube,train,ONE#NIGHT#ULTIMATE#WEREWOLF##Retro#5,Game8,100,90,data/processed/lai2023/onuw_transcripts_ready/Youtube/ONE#NIGHT#ULTIMATE#WEREWOLF##Retro#5_Game8.txt,-10
Youtube / ONE#NIGHT#ULTIMATE#WEREWOLF#10##November#6th#2016 / Game1,Youtube,train,ONE#NIGHT#ULTIMATE#WEREWOLF#10##November#6th#2016,Game1,97,94,data/processed/lai2023/onuw_transcripts_ready/Youtube/ONE#NIGHT#ULTIMATE#WEREWOLF#10##November#6th#2016_Game1.txt,-3
Youtube / ONE#NIGHT#ULTIMATE#WEREWOLF#13##July#29th#2017 / Game1,Youtube,train,ONE#NIGHT#ULTIMATE#WEREWOLF#13##July#29th#2017,Game1,144,139,data/processed/lai2023/onuw_transcripts_ready/Youtube/ONE#NIGHT#ULTIMATE#WEREWOLF#13##July#29th#2017_Game1.txt,-5
Youtube / ONE#NIGHT#ULTIMATE#WEREWOLF#13##July#29th#2017 / Game2,Youtube,train,ONE#NIGHT#ULTIMATE#WEREWOLF#13##July#29th#2017,Game2,127,120,data/processed/lai2023/onuw_transcripts_ready/Youtube/ONE#NIGHT#ULTIMATE#WEREWOLF#13##July#29th#2017_Game2.txt,-7
Youtube / ONE#NIGHT#ULTIMATE#WEREWOLF#13##July#29th#2017 / Game3,Youtube,train,ONE#NIGHT#ULTIMATE#WEREWOLF#13##July#29th#2017,Game3,129,121,data/processed/lai2023/onuw_transcripts_ready/Youtube/ONE#NIGHT#ULTIMATE#WEREWOLF#13##July#29th#2017_Game3.txt,-8
Youtube / ONE#NIGHT#ULTIMATE#WEREWOLF#14##August#26th#2017 / Game1,Youtube,train,ONE#NIGHT#ULTIMATE#WEREWOLF#14##August#26th#2017,Game1,146,135,data/processed/lai2023/onuw_transcripts_ready/Youtube/ONE#NIGHT#ULTIMATE#WEREWOLF#14##August#26th#2017_Game1.txt,-11
Youtube / ONE#NIGHT#ULTIMATE#WEREWOLF#14##August#26th#2017 / Game2,Youtube,train,ONE#NIGHT#ULTIMATE#WEREWOLF#14##August#26th#2017,Game2,141,125,data/processed/lai2023/onuw_transcripts_ready/Youtube/ONE#NIGHT#ULTIMATE#WEREWOLF#14##August#26th#2017_Game2.txt,-16
Youtube / ONE#NIGHT#ULTIMATE#WEREWOLF#26##January#20th#2018 / Game2,Youtube,train,ONE#NIGHT#ULTIMATE#WEREWOLF#26##January#20th#2018,Game2,170,161,data/processed/lai2023/onuw_transcripts_ready/Youtube/ONE#NIGHT#ULTIMATE#WEREWOLF#26##January#20th#2018_Game2.txt,-9
Youtube / ONE#NIGHT#ULTIMATE#WEREWOLF#26##January#20th#2018 / Game3,Youtube,train,ONE#NIGHT#ULTIMATE#WEREWOLF#26##January#20th#2018,Game3,132,126,data/processed/lai2023/onuw_transcripts_ready/Youtube/ONE#NIGHT#ULTIMATE#WEREWOLF#26##January#20th#2018_Game3.txt,-6
Youtube / ONE#NIGHT#ULTIMATE#WEREWOLF#28##February#17th#2018 / Game1,Youtube,train,ONE#NIGHT#ULTIMATE#WEREWOLF#28##February#17th#2018,Game1,133,128,data/processed/lai2023/onuw_transcripts_ready/Youtube/ONE#NIGHT#ULTIMATE#WEREWOLF#28##February#17th#2018_Game1.txt,-5
Youtube / ONE#NIGHT#ULTIMATE#WEREWOLF#28##February#17th#2018 / Game3,Youtube,train,ONE#NIGHT#ULTIMATE#WEREWOLF#28##February#17th#2018,Game3,141,130,data/processed/lai2023/onuw_transcripts_ready/Youtube/ONE#NIGHT#ULTIMATE#WEREWOLF#28##February#17th#2018_Game3.txt,-11
Youtube / ONE#NIGHT#ULTIMATE#WEREWOLF#30##February#17th#2018 / Game2,Youtube,train,ONE#NIGHT#ULTIMATE#WEREWOLF#30##February#17th#2018,Game2,124,119,data/processed/lai2023/onuw_transcripts_ready/Youtube/ONE#NIGHT#ULTIMATE#WEREWOLF#30##February#17th#2018_Game2.txt,-5
Youtube / ONE#NIGHT#ULTIMATE#WEREWOLF#37##April#21st#2018 / Game2,Youtube,train,ONE#NIGHT#ULTIMATE#WEREWOLF#37##April#21st#2018,Game2,142,135,data/processed/lai2023/onuw_transcripts_ready/Youtube/ONE#NIGHT#ULTIMATE#WEREWOLF#37##April#21st#2018_Game2.txt,-7
Youtube / ONE#NIGHT#ULTIMATE#WEREWOLF#38##April#21st#2018 / Game3,Youtube,train,ONE#NIGHT#ULTIMATE#WEREWOLF#38##April#21st#2018,Game3,166,159,data/processed/lai2023/onuw_transcripts_ready/Youtube/ONE#NIGHT#ULTIMATE#WEREWOLF#38##April#21st#2018_Game3.txt,-7
Youtube / ONE#NIGHT#ULTIMATE#WEREWOLF#38##April#21st#2018 / Game4,Youtube,train,ONE#NIGHT#ULTIMATE#WEREWOLF#38##April#21st#2018,Game4,170,164,data/processed/lai2023/onuw_transcripts_ready/Youtube/ONE#NIGHT#ULTIMATE#WEREWOLF#38##April#21st#2018_Game4.txt,-6
Youtube / ONE#NIGHT#ULTIMATE#WEREWOLF#39##April#21st#2018 / Game3,Youtube,train,ONE#NIGHT#ULTIMATE#WEREWOLF#39##April#21st#2018,Game3,254,233,data/processed/lai2023/onuw_transcripts_ready/Youtube/ONE#NIGHT#ULTIMATE#WEREWOLF#39##April#21st#2018_Game3.txt,-21
Youtube / ONE#NIGHT#ULTIMATE#WEREWOLF#4##July#14th#2016 / Game1,Youtube,train,ONE#NIGHT#ULTIMATE#WEREWOLF#4##July#14th#2016,Game1,150,142,data/processed/lai2023/onuw_transcripts_ready/Youtube/ONE#NIGHT#ULTIMATE#WEREWOLF#4##July#14th#2016_Game1.txt,-8
Youtube / ONE#NIGHT#ULTIMATE#WEREWOLF#4##July#14th#2016 / Game3,Youtube,train,ONE#NIGHT#ULTIMATE#WEREWOLF#4##July#14th#2016,Game3,108,97,data/processed/lai2023/onuw_transcripts_ready/Youtube/ONE#NIGHT#ULTIMATE#WEREWOLF#4##July#14th#2016_Game3.txt,-11
Youtube / ONE#NIGHT#ULTIMATE#WEREWOLF#43##October#13th#2018 / Game1,Youtube,train,ONE#NIGHT#ULTIMATE#WEREWOLF#43##October#13th#2018,Game1,165,154,data/processed/lai2023/onuw_transcripts_ready/Youtube/ONE#NIGHT#ULTIMATE#WEREWOLF#43##October#13th#2018_Game1.txt,-11
Youtube / ONE#NIGHT#ULTIMATE#WEREWOLF#43##October#13th#2018 / Game4,Youtube,train,ONE#NIGHT#ULTIMATE#WEREWOLF#43##October#13th#2018,Game4,86,80,data/processed/lai2023/onuw_transcripts_ready/Youtube/ONE#NIGHT#ULTIMATE#WEREWOLF#43##October#13th#2018_Game4.txt,-6
Youtube / ONE#NIGHT#ULTIMATE#WEREWOLF#44##October#13th#2018 / Game1,Youtube,train,ONE#NIGHT#ULTIMATE#WEREWOLF#44##October#13th#2018,Game1,119,112,data/processed/lai2023/onuw_transcripts_ready/Youtube/ONE#NIGHT#ULTIMATE#WEREWOLF#44##October#13th#2018_Game1.txt,-7
Youtube / ONE#NIGHT#ULTIMATE#WEREWOLF#44##October#13th#2018 / Game4,Youtube,train,ONE#NIGHT#ULTIMATE#WEREWOLF#44##October#13th#2018,Game4,32,27,data/processed/lai2023/onuw_transcripts_ready/Youtube/ONE#NIGHT#ULTIMATE#WEREWOLF#44##October#13th#2018_Game4.txt,-5
Youtube / ONE#NIGHT#ULTIMATE#WEREWOLF#44##October#13th#2018 / Game5,Youtube,train,ONE#NIGHT#ULTIMATE#WEREWOLF#44##October#13th#2018,Game5,94,90,data/processed/lai2023/onuw_transcripts_ready/Youtube/ONE#NIGHT#ULTIMATE#WEREWOLF#44##October#13th#2018_Game5.txt,-4
Youtube / ONE#NIGHT#ULTIMATE#WEREWOLF#5##October#29th#2016 / Game1,Youtube,train,ONE#NIGHT#ULTIMATE#WEREWOLF#5##October#29th#2016,Game1,106,103,data/processed/lai2023/onuw_transcripts_ready/Youtube/ONE#NIGHT#ULTIMATE#WEREWOLF#5##October#29th#2016_Game1.txt,-3
Youtube / ONE#NIGHT#ULTIMATE#WEREWOLF#6##November#6th#2016 / Game1,Youtube,train,ONE#NIGHT#ULTIMATE#WEREWOLF#6##November#6th#2016,Game1,79,75,data/processed/lai2023/onuw_transcripts_ready/Youtube/ONE#NIGHT#ULTIMATE#WEREWOLF#6##November#6th#2016_Game1.txt,-4
Youtube / ONE#NIGHT#ULTIMATE#WEREWOLF#6##November#6th#2016 / Game2,Youtube,train,ONE#NIGHT#ULTIMATE#WEREWOLF#6##November#6th#2016,Game2,114,109,data/processed/lai2023/onuw_transcripts_ready/Youtube/ONE#NIGHT#ULTIMATE#WEREWOLF#6##November#6th#2016_Game2.txt,-5
Youtube / ONE#NIGHT#ULTIMATE#WEREWOLF#62##March#23rd#2019 / Game1,Youtube,train,ONE#NIGHT#ULTIMATE#WEREWOLF#62##March#23rd#2019,Game1,202,182,data/processed/lai2023/onuw_transcripts_ready/Youtube/ONE#NIGHT#ULTIMATE#WEREWOLF#62##March#23rd#2019_Game1.txt,-20
Youtube / ONE#NIGHT#ULTIMATE#WEREWOLF#62##March#23rd#2019 / Game2,Youtube,train,ONE#NIGHT#ULTIMATE#WEREWOLF#62##March#23rd#2019,Game2,80,71,data/processed/lai2023/onuw_transcripts_ready/Youtube/ONE#NIGHT#ULTIMATE#WEREWOLF#62##March#23rd#2019_Game2.txt,-9
Youtube / ONE#NIGHT#ULTIMATE#WEREWOLF#63##March#23rd#2019 / Game1,Youtube,train,ONE#NIGHT#ULTIMATE#WEREWOLF#63##March#23rd#2019,Game1,162,150,data/processed/lai2023/onuw_transcripts_ready/Youtube/ONE#NIGHT#ULTIMATE#WEREWOLF#63##March#23rd#2019_Game1.txt,-12
Youtube / ONE#NIGHT#ULTIMATE#WEREWOLF#64##March#23rd#2019 / Game3,Youtube,train,ONE#NIGHT#ULTIMATE#WEREWOLF#64##March#23rd#2019,Game3,153,141,data/processed/lai2023/onuw_transcripts_ready/Youtube/ONE#NIGHT#ULTIMATE#WEREWOLF#64##March#23rd#2019_Game3.txt,-12
Youtube / ONE#NIGHT#ULTIMATE#WEREWOLF#64##March#23rd#2019 / Game5,Youtube,train,ONE#NIGHT#ULTIMATE#WEREWOLF#64##March#23rd#2019,Game5,132,127,data/processed/lai2023/onuw_transcripts_ready/Youtube/ONE#NIGHT#ULTIMATE#WEREWOLF#64##March#23rd#2019_Game5.txt,-5
Youtube / ONE#NIGHT#ULTIMATE#WEREWOLF#7##November#6th#2016 / Game2,Youtube,train,ONE#NIGHT#ULTIMATE#WEREWOLF#7##November#6th#2016,Game2,148,138,data/processed/lai2023/onuw_transcripts_ready/Youtube/ONE#NIGHT#ULTIMATE#WEREWOLF#7##November#6th#2016_Game2.txt,-10
Youtube / ONE#NIGHT#ULTIMATE#WEREWOLF#7##November#6th#2016 / Game3,Youtube,train,ONE#NIGHT#ULTIMATE#WEREWOLF#7##November#6th#2016,Game3,174,171,data/processed/lai2023/onuw_transcripts_ready/Youtube/ONE#NIGHT#ULTIMATE#WEREWOLF#7##November#6th#2016_Game3.txt,-3
Youtube / ONE#NIGHT#ULTIMATE#WEREWOLF#7##November#6th#2016 / Game4,Youtube,train,ONE#NIGHT#ULTIMATE#WEREWOLF#7##November#6th#2016,Game4,111,109,data/processed/lai2023/onuw_transcripts_ready/Youtube/ONE#NIGHT#ULTIMATE#WEREWOLF#7##November#6th#2016_Game4.txt,-2
Youtube / ONE#NIGHT#ULTIMATE#WEREWOLF#8##November#6th#2016 / Game1,Youtube,train,ONE#NIGHT#ULTIMATE#WEREWOLF#8##November#6th#2016,Game1,162,149,data/processed/lai2023/onuw_transcripts_ready/Youtube/ONE#NIGHT#ULTIMATE#WEREWOLF#8##November#6th#2016_Game1.txt,-13
Youtube / ONE#NIGHT#ULTIMATE#WEREWOLF#8##November#6th#2016 / Game4,Youtube,train,ONE#NIGHT#ULTIMATE#WEREWOLF#8##November#6th#2016,Game4,52,51,data/processed/lai2023/onuw_transcripts_ready/Youtube/ONE#NIGHT#ULTIMATE#WEREWOLF#8##November#6th#2016_Game4.txt,-1
Youtube / ONE#NIGHT#ULTIMATE#WEREWOLF#83##October#15th#2019 / Game3,Youtube,train,ONE#NIGHT#ULTIMATE#WEREWOLF#83##October#15th#2019,Game3,111,106,data/processed/lai2023/onuw_transcripts_ready/Youtube/ONE#NIGHT#ULTIMATE#WEREWOLF#83##October#15th#2019_Game3.txt,-5
Youtube / ONE#NIGHT#ULTIMATE#WEREWOLF#86##November#9th#2019 / Game1,Youtube,train,ONE#NIGHT#ULTIMATE#WEREWOLF#86##November#9th#2019,Game1,158,141,data/processed/lai2023/onuw_transcripts_ready/Youtube/ONE#NIGHT#ULTIMATE#WEREWOLF#86##November#9th#2019_Game1.txt,-17
Youtube / ONE#NIGHT#ULTIMATE#WEREWOLF#86##November#9th#2019 / Game3,Youtube,train,ONE#NIGHT#ULTIMATE#WEREWOLF#86##November#9th#2019,Game3,113,107,data/processed/lai2023/onuw_transcripts_ready/Youtube/ONE#NIGHT#ULTIMATE#WEREWOLF#86##November#9th#2019_Game3.txt,-6
Youtube / ONE#NIGHT#ULTIMATE#WEREWOLF#86##November#9th#2019 / Game4,Youtube,train,ONE#NIGHT#ULTIMATE#WEREWOLF#86##November#9th#2019,Game4,141,133,data/processed/lai2023/onuw_transcripts_ready/Youtube/ONE#NIGHT#ULTIMATE#WEREWOLF#86##November#9th#2019_Game4.txt,-8
Youtube / ONE#NIGHT#ULTIMATE#WEREWOLF#87##November#9th#2019 / Game2,Youtube,train,ONE#NIGHT#ULTIMATE#WEREWOLF#87##November#9th#2019,Game2,154,149,data/processed/lai2023/onuw_transcripts_ready/Youtube/ONE#NIGHT#ULTIMATE#WEREWOLF#87##November#9th#2019_Game2.txt,-5
Youtube / ONE#NIGHT#ULTIMATE#WEREWOLF#89##November#30th#2019 / Game2,Youtube,train,ONE#NIGHT#ULTIMATE#WEREWOLF#89##November#30th#2019,Game2,143,129,data/processed/lai2023/onuw_transcripts_ready/Youtube/ONE#NIGHT#ULTIMATE#WEREWOLF#89##November#30th#2019_Game2.txt,-14
Youtube / ONE#NIGHT#ULTIMATE#WEREWOLF#9##November#6th#2016 / Game1,Youtube,train,ONE#NIGHT#ULTIMATE#WEREWOLF#9##November#6th#2016,Game1,54,50,data/processed/lai2023/onuw_transcripts_ready/Youtube/ONE#NIGHT#ULTIMATE#WEREWOLF#9##November#6th#2016_Game1.txt,-4
Youtube / ONE#NIGHT#ULTIMATE#WEREWOLF#9##November#6th#2016 / Game3,Youtube,train,ONE#NIGHT#ULTIMATE#WEREWOLF#9##November#6th#2016,Game3,107,105,data/processed/lai2023/onuw_transcripts_ready/Youtube/ONE#NIGHT#ULTIMATE#WEREWOLF#9##November#6th#2016_Game3.txt,-2
Youtube / One#Night#Ultimate#Love#Letter##ONE#NIGHT#ULTIMATE#WEREWOLF / Game2,Youtube,train,One#Night#Ultimate#Love#Letter##ONE#NIGHT#ULTIMATE#WEREWOLF,Game2,131,119,data/processed/lai2023/onuw_transcripts_ready/Youtube/One#Night#Ultimate#Love#Letter##ONE#NIGHT#ULTIMATE#WEREWOLF_Game2.txt,-12
Youtube / One#Night#Ultimate#Love#Letter##ONE#NIGHT#ULTIMATE#WEREWOLF / Game3,Youtube,train,One#Night#Ultimate#Love#Letter##ONE#NIGHT#ULTIMATE#WEREWOLF,Game3,111,104,data/processed/lai2023/onuw_transcripts_ready/Youtube/One#Night#Ultimate#Love#Letter##ONE#NIGHT#ULTIMATE#WEREWOLF_Game3.txt,-7
Youtube / One#Night#Ultimate#Love#Letter##ONE#NIGHT#ULTIMATE#WEREWOLF / Game7,Youtube,train,One#Night#Ultimate#Love#Letter##ONE#NIGHT#ULTIMATE#WEREWOLF,Game7,112,104,data/processed/lai2023/onuw_transcripts_ready/Youtube/One#Night#Ultimate#Love#Letter##ONE#NIGHT#ULTIMATE#WEREWOLF_Game7.txt,-8
Youtube / One#Night#Ultimate#Werewolf#1#How-To#and#Playthrough / Game1,Youtube,train,One#Night#Ultimate#Werewolf#1#How-To#and#Playthrough,Game1,221,218,data/processed/lai2023/onuw_transcripts_ready/Youtube/One#Night#Ultimate#Werewolf#1#How-To#and#Playthrough_Game1.txt,-3
Youtube / One#Night#Ultimate#Werewolf#2#The#Drunk / Game1,Youtube,train,One#Night#Ultimate#Werewolf#2#The#Drunk,Game1,213,210,data/processed/lai2023/onuw_transcripts_ready/Youtube/One#Night#Ultimate#Werewolf#2#The#Drunk_Game1.txt,-3
Youtube / One#Night#Ultimate#Werewolf#3#Insomniac / Game1,Youtube,train,One#Night#Ultimate#Werewolf#3#Insomniac,Game1,204,197,data/processed/lai2023/onuw_transcripts_ready/Youtube/One#Night#Ultimate#Werewolf#3#Insomniac_Game1.txt,-7
Youtube / One#Night#Ultimate#Werewolf#361#Classic#Werewolf / Game1,Youtube,train,One#Night#Ultimate#Werewolf#361#Classic#Werewolf,Game1,317,305,data/processed/lai2023/onuw_transcripts_ready/Youtube/One#Night#Ultimate#Werewolf#361#Classic#Werewolf_Game1.txt,-12
Youtube / One#Night#Ultimate#Werewolf#381#The#Hunt#Is#On / Game1,Youtube,train,One#Night#Ultimate#Werewolf#381#The#Hunt#Is#On,Game1,204,203,data/processed/lai2023/onuw_transcripts_ready/Youtube/One#Night#Ultimate#Werewolf#381#The#Hunt#Is#On_Game1.txt,-1
Youtube / One#Night#Ultimate#Werewolf#382#Game#100!! / Game1,Youtube,train,One#Night#Ultimate#Werewolf#382#Game#100!!,Game1,176,170,data/processed/lai2023/onuw_transcripts_ready/Youtube/One#Night#Ultimate#Werewolf#382#Game#100!!_Game1.txt,-6
Youtube / One#Night#Ultimate#Werewolf#492#More#Classic#Werewolf / Game1,Youtube,train,One#Night#Ultimate#Werewolf#492#More#Classic#Werewolf,Game1,189,180,data/processed/lai2023/onuw_transcripts_ready/Youtube/One#Night#Ultimate#Werewolf#492#More#Classic#Werewolf_Game1.txt,-9
Youtube / One#Night#Ultimate#Werewolf#531#Classic#ONUW / Game1,Youtube,train,One#Night#Ultimate#Werewolf#531#Classic#ONUW,Game1,115,107,data/processed/lai2023/onuw_transcripts_ready/Youtube/One#Night#Ultimate#Werewolf#531#Classic#ONUW_Game1.txt,-8
Youtube / One#Night#Ultimate#Werewolf#532#More#Classic#ONUW / Game1,Youtube,train,One#Night#Ultimate#Werewolf#532#More#Classic#ONUW,Game1,113,106,data/processed/lai2023/onuw_transcripts_ready/Youtube/One#Night#Ultimate#Werewolf#532#More#Classic#ONUW_Game1.txt,-7
Youtube / One#Night#Ultimate#Werewolf#533#Even#More#Classic#ONUW / Game1,Youtube,train,One#Night#Ultimate#Werewolf#533#Even#More#Classic#ONUW,Game1,82,79,data/processed/lai2023/onuw_transcripts_ready/Youtube/One#Night#Ultimate#Werewolf#533#Even#More#Classic#ONUW_Game1.txt,-3
Youtube / Retrovision##ONE#NIGHT#ULTIMATE#WEREWOLF##Retro#7 / Game1,Youtube,train,Retrovision##ONE#NIGHT#ULTIMATE#WEREWOLF##Retro#7,Game1,116,111,data/processed/lai2023/onuw_transcripts_ready/Youtube/Retrovision##ONE#NIGHT#ULTIMATE#WEREWOLF##Retro#7_Game1.txt,-5
Youtube / The#Return#of#the#King##ONE#NIGHT#ULTIMATE#WEREWOLF / Game5,Youtube,train,The#Return#of#the#King##ONE#NIGHT#ULTIMATE#WEREWOLF,Game5,193,184,data/processed/lai2023/onuw_transcripts_ready/Youtube/The#Return#of#the#King##ONE#NIGHT#ULTIMATE#WEREWOLF_Game5.txt,-9
Youtube / The#Return#of#the#King##ONE#NIGHT#ULTIMATE#WEREWOLF / Game7,Youtube,train,The#Return#of#the#King##ONE#NIGHT#ULTIMATE#WEREWOLF,Game7,156,145,data/processed/lai2023/onuw_transcripts_ready/Youtube/The#Return#of#the#King##ONE#NIGHT#ULTIMATE#WEREWOLF_Game7.txt,-11
Youtube / Visions#from#2016##ONE#NIGHT#ULTIMATE#WEREWOLF##Retro#11 / Game2,Youtube,train,Visions#from#2016##ONE#NIGHT#ULTIMATE#WEREWOLF##Retro#11,Game2,132,127,data/processed/lai2023/onuw_transcripts_ready/Youtube/Visions#from#2016##ONE#NIGHT#ULTIMATE#WEREWOLF##Retro#11_Game2.txt,-5
Youtube / Visions#from#2016##ONE#NIGHT#ULTIMATE#WEREWOLF##Retro#11 / Game4,Youtube,train,Visions#from#2016##ONE#NIGHT#ULTIMATE#WEREWOLF##Retro#11,Game4,120,112,data/processed/lai2023/onuw_transcripts_ready/Youtube/Visions#from#2016##ONE#NIGHT#ULTIMATE#WEREWOLF##Retro#11_Game4.txt,-8
Youtube / Visions#from#2016##ONE#NIGHT#ULTIMATE#WEREWOLF##Retro#11 / Game5,Youtube,train,Visions#from#2016##ONE#NIGHT#ULTIMATE#WEREWOLF##Retro#11,Game5,157,149,data/processed/lai2023/onuw_transcripts_ready/Youtube/Visions#from#2016##ONE#NIGHT#ULTIMATE#WEREWOLF##Retro#11_Game5.txt,-8
Youtube / Way#Way#Back##ONE#NIGHT#ULTIMATE#WEREWOLF##Retro#10 / Game1,Youtube,train,Way#Way#Back##ONE#NIGHT#ULTIMATE#WEREWOLF##Retro#10,Game1,154,145,data/processed/lai2023/onuw_transcripts_ready/Youtube/Way#Way#Back##ONE#NIGHT#ULTIMATE#WEREWOLF##Retro#10_Game1.txt,-9
Youtube / Way#Way#Back##ONE#NIGHT#ULTIMATE#WEREWOLF##Retro#10 / Game2,Youtube,train,Way#Way#Back##ONE#NIGHT#ULTIMATE#WEREWOLF##Retro#10,Game2,181,167,data/processed/lai2023/onuw_transcripts_ready/Youtube/Way#Way#Back##ONE#NIGHT#ULTIMATE#WEREWOLF##Retro#10_Game2.txt,-14
Youtube / Way#Way#Back##ONE#NIGHT#ULTIMATE#WEREWOLF##Retro#10 / Game3,Youtube,train,Way#Way#Back##ONE#NIGHT#ULTIMATE#WEREWOLF##Retro#10,Game3,147,137,data/processed/lai2023/onuw_transcripts_ready/Youtube/Way#Way#Back##ONE#NIGHT#ULTIMATE#WEREWOLF##Retro#10_Game3.txt,-10
Youtube / Way#Way#Back##ONE#NIGHT#ULTIMATE#WEREWOLF##Retro#10 / Game4,Youtube,train,Way#Way#Back##ONE#NIGHT#ULTIMATE#WEREWOLF##Retro#10,Game4,164,155,data/processed/lai2023/onuw_transcripts_ready/Youtube/Way#Way#Back##ONE#NIGHT#ULTIMATE#WEREWOLF##Retro#10_Game4.txt,-9
Youtube / Ye#Olde#Times##ONE#NIGHT#ULTIMATE#WEREWOLF##Retro#8 / Game1,Youtube,train,Ye#Olde#Times##ONE#NIGHT#ULTIMATE#WEREWOLF##Retro#8,Game1,83,75,data/processed/lai2023/onuw_transcripts_ready/Youtube/Ye#Olde#Times##ONE#NIGHT#ULTIMATE#WEREWOLF##Retro#8_Game1.txt,-8
Youtube / Ye#Olde#Times##ONE#NIGHT#ULTIMATE#WEREWOLF##Retro#8 / Game2,Youtube,train,Ye#Olde#Times##ONE#NIGHT#ULTIMATE#WEREWOLF##Retro#8,Game2,181,169,data/processed/lai2023/onuw_transcripts_ready/Youtube/Ye#Olde#Times##ONE#NIGHT#ULTIMATE#WEREWOLF##Retro#8_Game2.txt,-12
Youtube / ONE#NIGHT#ULTIMATE#WEREWOLF##Retro#1 / Game3,Youtube,val,ONE#NIGHT#ULTIMATE#WEREWOLF##Retro#1,Game3,90,79,data/processed/lai2023/onuw_transcripts_ready/Youtube/ONE#NIGHT#ULTIMATE#WEREWOLF##Retro#1_Game3.txt,-11
Youtube / ONE#NIGHT#ULTIMATE#WEREWOLF##Retro#1 / Game6,Youtube,val,ONE#NIGHT#ULTIMATE#WEREWOLF##Retro#1,Game6,118,109,data/processed/lai2023/onuw_transcripts_ready/Youtube/ONE#NIGHT#ULTIMATE#WEREWOLF##Retro#1_Game6.txt,-9
Youtube / ONE#NIGHT#ULTIMATE#WEREWOLF##Retro#2 / Game2,Youtube,val,ONE#NIGHT#ULTIMATE#WEREWOLF##Retro#2,Game2,67,59,data/processed/lai2023/onuw_transcripts_ready/Youtube/ONE#NIGHT#ULTIMATE#WEREWOLF##Retro#2_Game2.txt,-8
Youtube / ONE#NIGHT#ULTIMATE#WEREWOLF##Retro#2 / Game8,Youtube,val,ONE#NIGHT#ULTIMATE#WEREWOLF##Retro#2,Game8,126,116,data/processed/lai2023/onuw_transcripts_ready/Youtube/ONE#NIGHT#ULTIMATE#WEREWOLF##Retro#2_Game8.txt,-10
Youtube / ONE#NIGHT#ULTIMATE#WEREWOLF##Retro#5 / Game2,Youtube,val,ONE#NIGHT#ULTIMATE#WEREWOLF##Retro#5,Game2,104,97,data/processed/lai2023/onuw_transcripts_ready/Youtube/ONE#NIGHT#ULTIMATE#WEREWOLF##Retro#5_Game2.txt,-7
Youtube / ONE#NIGHT#ULTIMATE#WEREWOLF#30##February#17th#2018 / Game4,Youtube,val,ONE#NIGHT#ULTIMATE#WEREWOLF#30##February#17th#2018,Game4,199,189,data/processed/lai2023/onuw_transcripts_ready/Youtube/ONE#NIGHT#ULTIMATE#WEREWOLF#30##February#17th#2018_Game4.txt,-10
Youtube / ONE#NIGHT#ULTIMATE#WEREWOLF#34##March#24th#2018 / Game2,Youtube,val,ONE#NIGHT#ULTIMATE#WEREWOLF#34##March#24th#2018,Game2,150,138,data/processed/lai2023/onuw_transcripts_ready/Youtube/ONE#NIGHT#ULTIMATE#WEREWOLF#34##March#24th#2018_Game2.txt,-12
Youtube / ONE#NIGHT#ULTIMATE#WEREWOLF#34##March#24th#2018 / Game3,Youtube,val,ONE#NIGHT#ULTIMATE#WEREWOLF#34##March#24th#2018,Game3,150,146,data/processed/lai2023/onuw_transcripts_ready/Youtube/ONE#NIGHT#ULTIMATE#WEREWOLF#34##March#24th#2018_Game3.txt,-4
Youtube / ONE#NIGHT#ULTIMATE#WEREWOLF#4##July#14th#2016 / Game2,Youtube,val,ONE#NIGHT#ULTIMATE#WEREWOLF#4##July#14th#2016,Game2,143,131,data/processed/lai2023/onuw_transcripts_ready/Youtube/ONE#NIGHT#ULTIMATE#WEREWOLF#4##July#14th#2016_Game2.txt,-12
Youtube / ONE#NIGHT#ULTIMATE#WEREWOLF#64##March#23rd#2019 / Game4,Youtube,val,ONE#NIGHT#ULTIMATE#WEREWOLF#64##March#23rd#2019,Game4,96,90,data/processed/lai2023/onuw_transcripts_ready/Youtube/ONE#NIGHT#ULTIMATE#WEREWOLF#64##March#23rd#2019_Game4.txt,-6
Youtube / ONE#NIGHT#ULTIMATE#WEREWOLF#9##November#6th#2016 / Game4,Youtube,val,ONE#NIGHT#ULTIMATE#WEREWOLF#9##November#6th#2016,Game4,181,189,data/processed/lai2023/onuw_transcripts_ready/Youtube/ONE#NIGHT#ULTIMATE#WEREWOLF#9##November#6th#2016_Game4.txt,8
Youtube / One#Night#Ultimate#Werewolf#362#More#Classic#Werewolf / Game1,Youtube,val,One#Night#Ultimate#Werewolf#362#More#Classic#Werewolf,Game1,280,265,data/processed/lai2023/onuw_transcripts_ready/Youtube/One#Night#Ultimate#Werewolf#362#More#Classic#Werewolf_Game1.txt,-15
Youtube / One#Night#Ultimate#Werewolf#363#Even#More#Classic#Werewolf / Game1,Youtube,val,One#Night#Ultimate#Werewolf#363#Even#More#Classic#Werewolf,Game1,363,340,data/processed/lai2023/onuw_transcripts_ready/Youtube/One#Night#Ultimate#Werewolf#363#Even#More#Classic#Werewolf_Game1.txt,-23
Youtube / One#Night#Ultimate#Werewolf#491#Classic#Werewolf / Game1,Youtube,val,One#Night#Ultimate#Werewolf#491#Classic#Werewolf,Game1,152,146,data/processed/lai2023/onuw_transcripts_ready/Youtube/One#Night#Ultimate#Werewolf#491#Classic#Werewolf_Game1.txt,-6
Youtube / Retrovision##ONE#NIGHT#ULTIMATE#WEREWOLF##Retro#7 / Game5,Youtube,val,Retrovision##ONE#NIGHT#ULTIMATE#WEREWOLF##Retro#7,Game5,212,196,data/processed/lai2023/onuw_transcripts_ready/Youtube/Retrovision##ONE#NIGHT#ULTIMATE#WEREWOLF##Retro#7_Game5.txt,-16
Youtube / Way#Way#Back##ONE#NIGHT#ULTIMATE#WEREWOLF##Retro#10 / Game5,Youtube,val,Way#Way#Back##ONE#NIGHT#ULTIMATE#WEREWOLF##Retro#10,Game5,200,183,data/processed/lai2023/onuw_transcripts_ready/Youtube/Way#Way#Back##ONE#NIGHT#ULTIMATE#WEREWOLF##Retro#10_Game5.txt,-17
